-- MySQL dump 10.13  Distrib 5.7.21, for Linux (x86_64)
--
-- Host: localhost    Database: superware
-- ------------------------------------------------------
-- Server version	5.7.21-0ubuntu0.16.04.1

/*!40101 SET @OLD_CHARACTER_SET_CLIENT=@@CHARACTER_SET_CLIENT */;
/*!40101 SET @OLD_CHARACTER_SET_RESULTS=@@CHARACTER_SET_RESULTS */;
/*!40101 SET @OLD_COLLATION_CONNECTION=@@COLLATION_CONNECTION */;
/*!40101 SET NAMES utf8 */;
/*!40103 SET @OLD_TIME_ZONE=@@TIME_ZONE */;
/*!40103 SET TIME_ZONE='+00:00' */;
/*!40014 SET @OLD_UNIQUE_CHECKS=@@UNIQUE_CHECKS, UNIQUE_CHECKS=0 */;
/*!40014 SET @OLD_FOREIGN_KEY_CHECKS=@@FOREIGN_KEY_CHECKS, FOREIGN_KEY_CHECKS=0 */;
/*!40101 SET @OLD_SQL_MODE=@@SQL_MODE, SQL_MODE='NO_AUTO_VALUE_ON_ZERO' */;
/*!40111 SET @OLD_SQL_NOTES=@@SQL_NOTES, SQL_NOTES=0 */;

--
-- Table structure for table `auth_group`
--

DROP TABLE IF EXISTS `auth_group`;
/*!40101 SET @saved_cs_client     = @@character_set_client */;
/*!40101 SET character_set_client = utf8 */;
CREATE TABLE `auth_group` (
  `id` int(11) NOT NULL AUTO_INCREMENT,
  `name` varchar(80) NOT NULL,
  PRIMARY KEY (`id`),
  UNIQUE KEY `name` (`name`)
) ENGINE=InnoDB DEFAULT CHARSET=latin1;
/*!40101 SET character_set_client = @saved_cs_client */;

--
-- Dumping data for table `auth_group`
--

LOCK TABLES `auth_group` WRITE;
/*!40000 ALTER TABLE `auth_group` DISABLE KEYS */;
/*!40000 ALTER TABLE `auth_group` ENABLE KEYS */;
UNLOCK TABLES;

--
-- Table structure for table `auth_group_permissions`
--

DROP TABLE IF EXISTS `auth_group_permissions`;
/*!40101 SET @saved_cs_client     = @@character_set_client */;
/*!40101 SET character_set_client = utf8 */;
CREATE TABLE `auth_group_permissions` (
  `id` int(11) NOT NULL AUTO_INCREMENT,
  `group_id` int(11) NOT NULL,
  `permission_id` int(11) NOT NULL,
  PRIMARY KEY (`id`),
  UNIQUE KEY `auth_group_permissions_group_id_permission_id_0cd325b0_uniq` (`group_id`,`permission_id`),
  KEY `auth_group_permissio_permission_id_84c5c92e_fk_auth_perm` (`permission_id`),
  CONSTRAINT `auth_group_permissio_permission_id_84c5c92e_fk_auth_perm` FOREIGN KEY (`permission_id`) REFERENCES `auth_permission` (`id`),
  CONSTRAINT `auth_group_permissions_group_id_b120cbf9_fk_auth_group_id` FOREIGN KEY (`group_id`) REFERENCES `auth_group` (`id`)
) ENGINE=InnoDB DEFAULT CHARSET=latin1;
/*!40101 SET character_set_client = @saved_cs_client */;

--
-- Dumping data for table `auth_group_permissions`
--

LOCK TABLES `auth_group_permissions` WRITE;
/*!40000 ALTER TABLE `auth_group_permissions` DISABLE KEYS */;
/*!40000 ALTER TABLE `auth_group_permissions` ENABLE KEYS */;
UNLOCK TABLES;

--
-- Table structure for table `auth_permission`
--

DROP TABLE IF EXISTS `auth_permission`;
/*!40101 SET @saved_cs_client     = @@character_set_client */;
/*!40101 SET character_set_client = utf8 */;
CREATE TABLE `auth_permission` (
  `id` int(11) NOT NULL AUTO_INCREMENT,
  `name` varchar(255) NOT NULL,
  `content_type_id` int(11) NOT NULL,
  `codename` varchar(100) NOT NULL,
  PRIMARY KEY (`id`),
  UNIQUE KEY `auth_permission_content_type_id_codename_01ab375a_uniq` (`content_type_id`,`codename`),
  CONSTRAINT `auth_permission_content_type_id_2f476e4b_fk_django_co` FOREIGN KEY (`content_type_id`) REFERENCES `django_content_type` (`id`)
) ENGINE=InnoDB AUTO_INCREMENT=73 DEFAULT CHARSET=latin1;
/*!40101 SET character_set_client = @saved_cs_client */;

--
-- Dumping data for table `auth_permission`
--

LOCK TABLES `auth_permission` WRITE;
/*!40000 ALTER TABLE `auth_permission` DISABLE KEYS */;
INSERT INTO `auth_permission` VALUES (1,'Can add log entry',1,'add_logentry'),(2,'Can change log entry',1,'change_logentry'),(3,'Can delete log entry',1,'delete_logentry'),(4,'Can add group',2,'add_group'),(5,'Can change group',2,'change_group'),(6,'Can delete group',2,'delete_group'),(7,'Can add permission',3,'add_permission'),(8,'Can change permission',3,'change_permission'),(9,'Can delete permission',3,'delete_permission'),(10,'Can add user',4,'add_user'),(11,'Can change user',4,'change_user'),(12,'Can delete user',4,'delete_user'),(13,'Can add content type',5,'add_contenttype'),(14,'Can change content type',5,'change_contenttype'),(15,'Can delete content type',5,'delete_contenttype'),(16,'Can add session',6,'add_session'),(17,'Can change session',6,'change_session'),(18,'Can delete session',6,'delete_session'),(19,'Can add empleado',7,'add_empleado'),(20,'Can change empleado',7,'change_empleado'),(21,'Can delete empleado',7,'delete_empleado'),(22,'Can add sucursal',8,'add_sucursal'),(23,'Can change sucursal',8,'change_sucursal'),(24,'Can delete sucursal',8,'delete_sucursal'),(25,'Can add departamento',9,'add_departamento'),(26,'Can change departamento',9,'change_departamento'),(27,'Can delete departamento',9,'delete_departamento'),(28,'Can add estatus empleado',10,'add_estatusempleado'),(29,'Can change estatus empleado',10,'change_estatusempleado'),(30,'Can delete estatus empleado',10,'delete_estatusempleado'),(31,'Can add articulo sucursal',11,'add_articulosucursal'),(32,'Can change articulo sucursal',11,'change_articulosucursal'),(33,'Can delete articulo sucursal',11,'delete_articulosucursal'),(34,'Can add estatus turno',12,'add_estatusturno'),(35,'Can change estatus turno',12,'change_estatusturno'),(36,'Can delete estatus turno',12,'delete_estatusturno'),(37,'Can add estatus caja',13,'add_estatuscaja'),(38,'Can change estatus caja',13,'change_estatuscaja'),(39,'Can delete estatus caja',13,'delete_estatuscaja'),(40,'Can add detalle venta',14,'add_detalleventa'),(41,'Can change detalle venta',14,'change_detalleventa'),(42,'Can delete detalle venta',14,'delete_detalleventa'),(43,'Can add rendimiento caja',15,'add_rendimientocaja'),(44,'Can change rendimiento caja',15,'change_rendimientocaja'),(45,'Can delete rendimiento caja',15,'delete_rendimientocaja'),(46,'Can add tipo caja',16,'add_tipocaja'),(47,'Can change tipo caja',16,'change_tipocaja'),(48,'Can delete tipo caja',16,'delete_tipocaja'),(49,'Can add categoria',17,'add_categoria'),(50,'Can change categoria',17,'change_categoria'),(51,'Can delete categoria',17,'delete_categoria'),(52,'Can add articulo',18,'add_articulo'),(53,'Can change articulo',18,'change_articulo'),(54,'Can delete articulo',18,'delete_articulo'),(55,'Can add puesto',19,'add_puesto'),(56,'Can change puesto',19,'change_puesto'),(57,'Can delete puesto',19,'delete_puesto'),(58,'Can add venta',20,'add_venta'),(59,'Can change venta',20,'change_venta'),(60,'Can delete venta',20,'delete_venta'),(61,'Can add stock general',21,'add_stockgeneral'),(62,'Can change stock general',21,'change_stockgeneral'),(63,'Can delete stock general',21,'delete_stockgeneral'),(64,'Can add turno',22,'add_turno'),(65,'Can change turno',22,'change_turno'),(66,'Can delete turno',22,'delete_turno'),(67,'Can add metodo pago',23,'add_metodopago'),(68,'Can change metodo pago',23,'change_metodopago'),(69,'Can delete metodo pago',23,'delete_metodopago'),(70,'Can add caja',24,'add_caja'),(71,'Can change caja',24,'change_caja'),(72,'Can delete caja',24,'delete_caja');
/*!40000 ALTER TABLE `auth_permission` ENABLE KEYS */;
UNLOCK TABLES;

--
-- Table structure for table `auth_user`
--

DROP TABLE IF EXISTS `auth_user`;
/*!40101 SET @saved_cs_client     = @@character_set_client */;
/*!40101 SET character_set_client = utf8 */;
CREATE TABLE `auth_user` (
  `id` int(11) NOT NULL AUTO_INCREMENT,
  `password` varchar(128) NOT NULL,
  `last_login` datetime(6) DEFAULT NULL,
  `is_superuser` tinyint(1) NOT NULL,
  `username` varchar(150) NOT NULL,
  `first_name` varchar(30) NOT NULL,
  `last_name` varchar(30) NOT NULL,
  `email` varchar(254) NOT NULL,
  `is_staff` tinyint(1) NOT NULL,
  `is_active` tinyint(1) NOT NULL,
  `date_joined` datetime(6) NOT NULL,
  PRIMARY KEY (`id`),
  UNIQUE KEY `username` (`username`)
) ENGINE=InnoDB AUTO_INCREMENT=2 DEFAULT CHARSET=latin1;
/*!40101 SET character_set_client = @saved_cs_client */;

--
-- Dumping data for table `auth_user`
--

LOCK TABLES `auth_user` WRITE;
/*!40000 ALTER TABLE `auth_user` DISABLE KEYS */;
INSERT INTO `auth_user` VALUES (1,'pbkdf2_sha256$36000$y7hhWloh9inh$DACxXzvknJ6u/kiatZjKf1Dy4vbzk80tw17+T+63hCU=','2018-04-19 03:12:09.164892',1,'rick','','','',1,1,'2018-04-19 02:18:40.308089');
/*!40000 ALTER TABLE `auth_user` ENABLE KEYS */;
UNLOCK TABLES;

--
-- Table structure for table `auth_user_groups`
--

DROP TABLE IF EXISTS `auth_user_groups`;
/*!40101 SET @saved_cs_client     = @@character_set_client */;
/*!40101 SET character_set_client = utf8 */;
CREATE TABLE `auth_user_groups` (
  `id` int(11) NOT NULL AUTO_INCREMENT,
  `user_id` int(11) NOT NULL,
  `group_id` int(11) NOT NULL,
  PRIMARY KEY (`id`),
  UNIQUE KEY `auth_user_groups_user_id_group_id_94350c0c_uniq` (`user_id`,`group_id`),
  KEY `auth_user_groups_group_id_97559544_fk_auth_group_id` (`group_id`),
  CONSTRAINT `auth_user_groups_group_id_97559544_fk_auth_group_id` FOREIGN KEY (`group_id`) REFERENCES `auth_group` (`id`),
  CONSTRAINT `auth_user_groups_user_id_6a12ed8b_fk_auth_user_id` FOREIGN KEY (`user_id`) REFERENCES `auth_user` (`id`)
) ENGINE=InnoDB DEFAULT CHARSET=latin1;
/*!40101 SET character_set_client = @saved_cs_client */;

--
-- Dumping data for table `auth_user_groups`
--

LOCK TABLES `auth_user_groups` WRITE;
/*!40000 ALTER TABLE `auth_user_groups` DISABLE KEYS */;
/*!40000 ALTER TABLE `auth_user_groups` ENABLE KEYS */;
UNLOCK TABLES;

--
-- Table structure for table `auth_user_user_permissions`
--

DROP TABLE IF EXISTS `auth_user_user_permissions`;
/*!40101 SET @saved_cs_client     = @@character_set_client */;
/*!40101 SET character_set_client = utf8 */;
CREATE TABLE `auth_user_user_permissions` (
  `id` int(11) NOT NULL AUTO_INCREMENT,
  `user_id` int(11) NOT NULL,
  `permission_id` int(11) NOT NULL,
  PRIMARY KEY (`id`),
  UNIQUE KEY `auth_user_user_permissions_user_id_permission_id_14a6b632_uniq` (`user_id`,`permission_id`),
  KEY `auth_user_user_permi_permission_id_1fbb5f2c_fk_auth_perm` (`permission_id`),
  CONSTRAINT `auth_user_user_permi_permission_id_1fbb5f2c_fk_auth_perm` FOREIGN KEY (`permission_id`) REFERENCES `auth_permission` (`id`),
  CONSTRAINT `auth_user_user_permissions_user_id_a95ead1b_fk_auth_user_id` FOREIGN KEY (`user_id`) REFERENCES `auth_user` (`id`)
) ENGINE=InnoDB DEFAULT CHARSET=latin1;
/*!40101 SET character_set_client = @saved_cs_client */;

--
-- Dumping data for table `auth_user_user_permissions`
--

LOCK TABLES `auth_user_user_permissions` WRITE;
/*!40000 ALTER TABLE `auth_user_user_permissions` DISABLE KEYS */;
/*!40000 ALTER TABLE `auth_user_user_permissions` ENABLE KEYS */;
UNLOCK TABLES;

--
-- Table structure for table `django_admin_log`
--

DROP TABLE IF EXISTS `django_admin_log`;
/*!40101 SET @saved_cs_client     = @@character_set_client */;
/*!40101 SET character_set_client = utf8 */;
CREATE TABLE `django_admin_log` (
  `id` int(11) NOT NULL AUTO_INCREMENT,
  `action_time` datetime(6) NOT NULL,
  `object_id` longtext,
  `object_repr` varchar(200) NOT NULL,
  `action_flag` smallint(5) unsigned NOT NULL,
  `change_message` longtext NOT NULL,
  `content_type_id` int(11) DEFAULT NULL,
  `user_id` int(11) NOT NULL,
  PRIMARY KEY (`id`),
  KEY `django_admin_log_content_type_id_c4bce8eb_fk_django_co` (`content_type_id`),
  KEY `django_admin_log_user_id_c564eba6_fk_auth_user_id` (`user_id`),
  CONSTRAINT `django_admin_log_content_type_id_c4bce8eb_fk_django_co` FOREIGN KEY (`content_type_id`) REFERENCES `django_content_type` (`id`),
  CONSTRAINT `django_admin_log_user_id_c564eba6_fk_auth_user_id` FOREIGN KEY (`user_id`) REFERENCES `auth_user` (`id`)
) ENGINE=InnoDB AUTO_INCREMENT=6 DEFAULT CHARSET=latin1;
/*!40101 SET character_set_client = @saved_cs_client */;

--
-- Dumping data for table `django_admin_log`
--

LOCK TABLES `django_admin_log` WRITE;
/*!40000 ALTER TABLE `django_admin_log` DISABLE KEYS */;
INSERT INTO `django_admin_log` VALUES (1,'2018-04-19 02:35:00.112536','1','Cajero',1,'[{\"added\": {}}]',19,1),(2,'2018-04-19 02:35:12.861936','1','Tepetongo',1,'[{\"added\": {}}]',8,1),(3,'2018-04-19 03:11:51.844427','1','Activo',1,'[{\"added\": {}}]',10,1),(4,'2018-04-19 03:11:57.319945','1','Empleado object',1,'[{\"added\": {}}]',7,1),(5,'2018-04-19 04:07:57.235149','1','Tarjeta',1,'[{\"added\": {}}]',23,1);
/*!40000 ALTER TABLE `django_admin_log` ENABLE KEYS */;
UNLOCK TABLES;

--
-- Table structure for table `django_content_type`
--

DROP TABLE IF EXISTS `django_content_type`;
/*!40101 SET @saved_cs_client     = @@character_set_client */;
/*!40101 SET character_set_client = utf8 */;
CREATE TABLE `django_content_type` (
  `id` int(11) NOT NULL AUTO_INCREMENT,
  `app_label` varchar(100) NOT NULL,
  `model` varchar(100) NOT NULL,
  PRIMARY KEY (`id`),
  UNIQUE KEY `django_content_type_app_label_model_76bd3d3b_uniq` (`app_label`,`model`)
) ENGINE=InnoDB AUTO_INCREMENT=25 DEFAULT CHARSET=latin1;
/*!40101 SET character_set_client = @saved_cs_client */;

--
-- Dumping data for table `django_content_type`
--

LOCK TABLES `django_content_type` WRITE;
/*!40000 ALTER TABLE `django_content_type` DISABLE KEYS */;
INSERT INTO `django_content_type` VALUES (1,'admin','logentry'),(2,'auth','group'),(3,'auth','permission'),(4,'auth','user'),(5,'contenttypes','contenttype'),(6,'sessions','session'),(18,'superware','articulo'),(11,'superware','articulosucursal'),(24,'superware','caja'),(17,'superware','categoria'),(9,'superware','departamento'),(14,'superware','detalleventa'),(7,'superware','empleado'),(13,'superware','estatuscaja'),(10,'superware','estatusempleado'),(12,'superware','estatusturno'),(23,'superware','metodopago'),(19,'superware','puesto'),(15,'superware','rendimientocaja'),(21,'superware','stockgeneral'),(8,'superware','sucursal'),(16,'superware','tipocaja'),(22,'superware','turno'),(20,'superware','venta');
/*!40000 ALTER TABLE `django_content_type` ENABLE KEYS */;
UNLOCK TABLES;

--
-- Table structure for table `django_migrations`
--

DROP TABLE IF EXISTS `django_migrations`;
/*!40101 SET @saved_cs_client     = @@character_set_client */;
/*!40101 SET character_set_client = utf8 */;
CREATE TABLE `django_migrations` (
  `id` int(11) NOT NULL AUTO_INCREMENT,
  `app` varchar(255) NOT NULL,
  `name` varchar(255) NOT NULL,
  `applied` datetime(6) NOT NULL,
  PRIMARY KEY (`id`)
) ENGINE=InnoDB AUTO_INCREMENT=16 DEFAULT CHARSET=latin1;
/*!40101 SET character_set_client = @saved_cs_client */;

--
-- Dumping data for table `django_migrations`
--

LOCK TABLES `django_migrations` WRITE;
/*!40000 ALTER TABLE `django_migrations` DISABLE KEYS */;
INSERT INTO `django_migrations` VALUES (1,'contenttypes','0001_initial','2018-04-19 02:18:15.436151'),(2,'auth','0001_initial','2018-04-19 02:18:16.357211'),(3,'admin','0001_initial','2018-04-19 02:18:16.576682'),(4,'admin','0002_logentry_remove_auto_add','2018-04-19 02:18:16.620267'),(5,'contenttypes','0002_remove_content_type_name','2018-04-19 02:18:16.771067'),(6,'auth','0002_alter_permission_name_max_length','2018-04-19 02:18:16.790892'),(7,'auth','0003_alter_user_email_max_length','2018-04-19 02:18:16.824787'),(8,'auth','0004_alter_user_username_opts','2018-04-19 02:18:16.838697'),(9,'auth','0005_alter_user_last_login_null','2018-04-19 02:18:16.898655'),(10,'auth','0006_require_contenttypes_0002','2018-04-19 02:18:16.904529'),(11,'auth','0007_alter_validators_add_error_messages','2018-04-19 02:18:16.922627'),(12,'auth','0008_alter_user_username_max_length','2018-04-19 02:18:16.980505'),(13,'sessions','0001_initial','2018-04-19 02:18:17.047962'),(14,'superware','0001_initial','2018-04-19 02:18:17.091892'),(15,'superware','0002_auto_20180419_0218','2018-04-19 02:18:20.821028');
/*!40000 ALTER TABLE `django_migrations` ENABLE KEYS */;
UNLOCK TABLES;

--
-- Table structure for table `django_session`
--

DROP TABLE IF EXISTS `django_session`;
/*!40101 SET @saved_cs_client     = @@character_set_client */;
/*!40101 SET character_set_client = utf8 */;
CREATE TABLE `django_session` (
  `session_key` varchar(40) NOT NULL,
  `session_data` longtext NOT NULL,
  `expire_date` datetime(6) NOT NULL,
  PRIMARY KEY (`session_key`),
  KEY `django_session_expire_date_a5c62663` (`expire_date`)
) ENGINE=InnoDB DEFAULT CHARSET=latin1;
/*!40101 SET character_set_client = @saved_cs_client */;

--
-- Dumping data for table `django_session`
--

LOCK TABLES `django_session` WRITE;
/*!40000 ALTER TABLE `django_session` DISABLE KEYS */;
INSERT INTO `django_session` VALUES ('sl04drii9xkqnpfvqt3qlpl0ia1nk6vm','MjE4OWEyYjBiZTA5NDgzZDUzOTY2YTEwMjhiZjhlNzZiMGU3OWJhYjp7Il9hdXRoX3VzZXJfaGFzaCI6ImZjYzY0ZmJhZGI3MDQ0ODE2MWM4MTVjOTRmMGM0MGE0NDQ4YzQ0NGIiLCJfYXV0aF91c2VyX2JhY2tlbmQiOiJkamFuZ28uY29udHJpYi5hdXRoLmJhY2tlbmRzLk1vZGVsQmFja2VuZCIsIl9hdXRoX3VzZXJfaWQiOiIxIn0=','2018-05-03 03:12:09.171442');
/*!40000 ALTER TABLE `django_session` ENABLE KEYS */;
UNLOCK TABLES;

--
-- Table structure for table `superware_articulo`
--

DROP TABLE IF EXISTS `superware_articulo`;
/*!40101 SET @saved_cs_client     = @@character_set_client */;
/*!40101 SET character_set_client = utf8 */;
CREATE TABLE `superware_articulo` (
  `id` int(11) NOT NULL AUTO_INCREMENT,
  `nombre` varchar(90) NOT NULL,
  `descripcion` longtext NOT NULL,
  `stock` int(11) DEFAULT NULL,
  `precio` double DEFAULT NULL,
  `codigoBarras` varchar(90) DEFAULT NULL,
  `observaciones` longtext NOT NULL,
  `activo` tinyint(1) NOT NULL,
  `categoria_id` int(11) NOT NULL,
  PRIMARY KEY (`id`),
  KEY `superware_articulo_categoria_id_4008e159_fk_superware` (`categoria_id`),
  CONSTRAINT `superware_articulo_categoria_id_4008e159_fk_superware` FOREIGN KEY (`categoria_id`) REFERENCES `superware_categoria` (`id`)
) ENGINE=InnoDB DEFAULT CHARSET=latin1;
/*!40101 SET character_set_client = @saved_cs_client */;

--
-- Dumping data for table `superware_articulo`
--

LOCK TABLES `superware_articulo` WRITE;
/*!40000 ALTER TABLE `superware_articulo` DISABLE KEYS */;
/*!40000 ALTER TABLE `superware_articulo` ENABLE KEYS */;
UNLOCK TABLES;

--
-- Table structure for table `superware_articulosucursal`
--

DROP TABLE IF EXISTS `superware_articulosucursal`;
/*!40101 SET @saved_cs_client     = @@character_set_client */;
/*!40101 SET character_set_client = utf8 */;
CREATE TABLE `superware_articulosucursal` (
  `id` int(11) NOT NULL AUTO_INCREMENT,
  `articulo_id` int(11) NOT NULL,
  `sucursal_id` int(11) NOT NULL,
  PRIMARY KEY (`id`),
  KEY `superware_articulosu_articulo_id_48f709a3_fk_superware` (`articulo_id`),
  KEY `superware_articulosu_sucursal_id_452d555b_fk_superware` (`sucursal_id`),
  CONSTRAINT `superware_articulosu_articulo_id_48f709a3_fk_superware` FOREIGN KEY (`articulo_id`) REFERENCES `superware_articulo` (`id`),
  CONSTRAINT `superware_articulosu_sucursal_id_452d555b_fk_superware` FOREIGN KEY (`sucursal_id`) REFERENCES `superware_sucursal` (`id`)
) ENGINE=InnoDB DEFAULT CHARSET=latin1;
/*!40101 SET character_set_client = @saved_cs_client */;

--
-- Dumping data for table `superware_articulosucursal`
--

LOCK TABLES `superware_articulosucursal` WRITE;
/*!40000 ALTER TABLE `superware_articulosucursal` DISABLE KEYS */;
/*!40000 ALTER TABLE `superware_articulosucursal` ENABLE KEYS */;
UNLOCK TABLES;

--
-- Table structure for table `superware_caja`
--

DROP TABLE IF EXISTS `superware_caja`;
/*!40101 SET @saved_cs_client     = @@character_set_client */;
/*!40101 SET character_set_client = utf8 */;
CREATE TABLE `superware_caja` (
  `id` int(11) NOT NULL AUTO_INCREMENT,
  `numero` int(11) NOT NULL,
  `carritosEnCola` int(11) NOT NULL,
  `estatus_id` int(11) NOT NULL,
  `tipo_id` int(11) NOT NULL,
  PRIMARY KEY (`id`),
  KEY `superware_caja_estatus_id_6fe9e723_fk_superware_estatuscaja_id` (`estatus_id`),
  KEY `superware_caja_tipo_id_2f70dec9_fk_superware_tipocaja_id` (`tipo_id`),
  CONSTRAINT `superware_caja_estatus_id_6fe9e723_fk_superware_estatuscaja_id` FOREIGN KEY (`estatus_id`) REFERENCES `superware_estatuscaja` (`id`),
  CONSTRAINT `superware_caja_tipo_id_2f70dec9_fk_superware_tipocaja_id` FOREIGN KEY (`tipo_id`) REFERENCES `superware_tipocaja` (`id`)
) ENGINE=InnoDB DEFAULT CHARSET=latin1;
/*!40101 SET character_set_client = @saved_cs_client */;

--
-- Dumping data for table `superware_caja`
--

LOCK TABLES `superware_caja` WRITE;
/*!40000 ALTER TABLE `superware_caja` DISABLE KEYS */;
/*!40000 ALTER TABLE `superware_caja` ENABLE KEYS */;
UNLOCK TABLES;

--
-- Table structure for table `superware_categoria`
--

DROP TABLE IF EXISTS `superware_categoria`;
/*!40101 SET @saved_cs_client     = @@character_set_client */;
/*!40101 SET character_set_client = utf8 */;
CREATE TABLE `superware_categoria` (
  `id` int(11) NOT NULL AUTO_INCREMENT,
  `descripcion` varchar(80) NOT NULL,
  `activo` tinyint(1) NOT NULL,
  `departamento_id` int(11) NOT NULL,
  PRIMARY KEY (`id`),
  KEY `superware_categoria_departamento_id_90d74aa9_fk_superware` (`departamento_id`),
  CONSTRAINT `superware_categoria_departamento_id_90d74aa9_fk_superware` FOREIGN KEY (`departamento_id`) REFERENCES `superware_departamento` (`id`)
) ENGINE=InnoDB DEFAULT CHARSET=latin1;
/*!40101 SET character_set_client = @saved_cs_client */;

--
-- Dumping data for table `superware_categoria`
--

LOCK TABLES `superware_categoria` WRITE;
/*!40000 ALTER TABLE `superware_categoria` DISABLE KEYS */;
/*!40000 ALTER TABLE `superware_categoria` ENABLE KEYS */;
UNLOCK TABLES;

--
-- Table structure for table `superware_departamento`
--

DROP TABLE IF EXISTS `superware_departamento`;
/*!40101 SET @saved_cs_client     = @@character_set_client */;
/*!40101 SET character_set_client = utf8 */;
CREATE TABLE `superware_departamento` (
  `id` int(11) NOT NULL AUTO_INCREMENT,
  `descripcion` varchar(80) NOT NULL,
  `activo` tinyint(1) NOT NULL,
  PRIMARY KEY (`id`)
) ENGINE=InnoDB DEFAULT CHARSET=latin1;
/*!40101 SET character_set_client = @saved_cs_client */;

--
-- Dumping data for table `superware_departamento`
--

LOCK TABLES `superware_departamento` WRITE;
/*!40000 ALTER TABLE `superware_departamento` DISABLE KEYS */;
/*!40000 ALTER TABLE `superware_departamento` ENABLE KEYS */;
UNLOCK TABLES;

--
-- Table structure for table `superware_detalleventa`
--

DROP TABLE IF EXISTS `superware_detalleventa`;
/*!40101 SET @saved_cs_client     = @@character_set_client */;
/*!40101 SET character_set_client = utf8 */;
CREATE TABLE `superware_detalleventa` (
  `id` int(11) NOT NULL AUTO_INCREMENT,
  `precioFinal` double DEFAULT NULL,
  `fecha` datetime(6) NOT NULL,
  `empleadoCobro_id` int(11) NOT NULL,
  `metodoPago_id` int(11) NOT NULL,
  `sucursal_id` int(11) NOT NULL,
  PRIMARY KEY (`id`),
  KEY `superware_detalleven_empleadoCobro_id_bde029d0_fk_superware` (`empleadoCobro_id`),
  KEY `superware_detalleven_metodoPago_id_847617e5_fk_superware` (`metodoPago_id`),
  KEY `superware_detalleven_sucursal_id_bdee95a0_fk_superware` (`sucursal_id`),
  CONSTRAINT `superware_detalleven_empleadoCobro_id_bde029d0_fk_superware` FOREIGN KEY (`empleadoCobro_id`) REFERENCES `superware_empleado` (`id`),
  CONSTRAINT `superware_detalleven_metodoPago_id_847617e5_fk_superware` FOREIGN KEY (`metodoPago_id`) REFERENCES `superware_metodopago` (`id`),
  CONSTRAINT `superware_detalleven_sucursal_id_bdee95a0_fk_superware` FOREIGN KEY (`sucursal_id`) REFERENCES `superware_sucursal` (`id`)
) ENGINE=InnoDB DEFAULT CHARSET=latin1;
/*!40101 SET character_set_client = @saved_cs_client */;

--
-- Dumping data for table `superware_detalleventa`
--

LOCK TABLES `superware_detalleventa` WRITE;
/*!40000 ALTER TABLE `superware_detalleventa` DISABLE KEYS */;
/*!40000 ALTER TABLE `superware_detalleventa` ENABLE KEYS */;
UNLOCK TABLES;

--
-- Table structure for table `superware_empleado`
--

DROP TABLE IF EXISTS `superware_empleado`;
/*!40101 SET @saved_cs_client     = @@character_set_client */;
/*!40101 SET character_set_client = utf8 */;
CREATE TABLE `superware_empleado` (
  `id` int(11) NOT NULL AUTO_INCREMENT,
  `nombre` varchar(60) NOT NULL,
  `apellidoP` varchar(60) NOT NULL,
  `apellidoM` varchar(60) NOT NULL,
  `estatus_id` int(11) NOT NULL,
  `puesto_id` int(11) NOT NULL,
  `sucursal_id` int(11) NOT NULL,
  `usuario_id` int(11) NOT NULL,
  PRIMARY KEY (`id`),
  UNIQUE KEY `usuario_id` (`usuario_id`),
  KEY `superware_empleado_estatus_id_ca17f557_fk_superware` (`estatus_id`),
  KEY `superware_empleado_puesto_id_84fa477d_fk_superware_puesto_id` (`puesto_id`),
  KEY `superware_empleado_sucursal_id_ccfb93d3_fk_superware_sucursal_id` (`sucursal_id`),
  CONSTRAINT `superware_empleado_estatus_id_ca17f557_fk_superware` FOREIGN KEY (`estatus_id`) REFERENCES `superware_estatusempleado` (`id`),
  CONSTRAINT `superware_empleado_puesto_id_84fa477d_fk_superware_puesto_id` FOREIGN KEY (`puesto_id`) REFERENCES `superware_puesto` (`id`),
  CONSTRAINT `superware_empleado_sucursal_id_ccfb93d3_fk_superware_sucursal_id` FOREIGN KEY (`sucursal_id`) REFERENCES `superware_sucursal` (`id`),
  CONSTRAINT `superware_empleado_usuario_id_791a0bbf_fk_auth_user_id` FOREIGN KEY (`usuario_id`) REFERENCES `auth_user` (`id`)
) ENGINE=InnoDB AUTO_INCREMENT=2 DEFAULT CHARSET=latin1;
/*!40101 SET character_set_client = @saved_cs_client */;

--
-- Dumping data for table `superware_empleado`
--

LOCK TABLES `superware_empleado` WRITE;
/*!40000 ALTER TABLE `superware_empleado` DISABLE KEYS */;
INSERT INTO `superware_empleado` VALUES (1,'Ricardo','Cast','Dimadon',1,1,1,1);
/*!40000 ALTER TABLE `superware_empleado` ENABLE KEYS */;
UNLOCK TABLES;

--
-- Table structure for table `superware_estatuscaja`
--

DROP TABLE IF EXISTS `superware_estatuscaja`;
/*!40101 SET @saved_cs_client     = @@character_set_client */;
/*!40101 SET character_set_client = utf8 */;
CREATE TABLE `superware_estatuscaja` (
  `id` int(11) NOT NULL AUTO_INCREMENT,
  `descripcion` varchar(80) NOT NULL,
  PRIMARY KEY (`id`)
) ENGINE=InnoDB DEFAULT CHARSET=latin1;
/*!40101 SET character_set_client = @saved_cs_client */;

--
-- Dumping data for table `superware_estatuscaja`
--

LOCK TABLES `superware_estatuscaja` WRITE;
/*!40000 ALTER TABLE `superware_estatuscaja` DISABLE KEYS */;
/*!40000 ALTER TABLE `superware_estatuscaja` ENABLE KEYS */;
UNLOCK TABLES;

--
-- Table structure for table `superware_estatusempleado`
--

DROP TABLE IF EXISTS `superware_estatusempleado`;
/*!40101 SET @saved_cs_client     = @@character_set_client */;
/*!40101 SET character_set_client = utf8 */;
CREATE TABLE `superware_estatusempleado` (
  `id` int(11) NOT NULL AUTO_INCREMENT,
  `descripcion` varchar(80) NOT NULL,
  `activo` tinyint(1) NOT NULL,
  PRIMARY KEY (`id`)
) ENGINE=InnoDB AUTO_INCREMENT=2 DEFAULT CHARSET=latin1;
/*!40101 SET character_set_client = @saved_cs_client */;

--
-- Dumping data for table `superware_estatusempleado`
--

LOCK TABLES `superware_estatusempleado` WRITE;
/*!40000 ALTER TABLE `superware_estatusempleado` DISABLE KEYS */;
INSERT INTO `superware_estatusempleado` VALUES (1,'Activo',1);
/*!40000 ALTER TABLE `superware_estatusempleado` ENABLE KEYS */;
UNLOCK TABLES;

--
-- Table structure for table `superware_estatusturno`
--

DROP TABLE IF EXISTS `superware_estatusturno`;
/*!40101 SET @saved_cs_client     = @@character_set_client */;
/*!40101 SET character_set_client = utf8 */;
CREATE TABLE `superware_estatusturno` (
  `id` int(11) NOT NULL AUTO_INCREMENT,
  `descripcion` varchar(80) NOT NULL,
  PRIMARY KEY (`id`)
) ENGINE=InnoDB DEFAULT CHARSET=latin1;
/*!40101 SET character_set_client = @saved_cs_client */;

--
-- Dumping data for table `superware_estatusturno`
--

LOCK TABLES `superware_estatusturno` WRITE;
/*!40000 ALTER TABLE `superware_estatusturno` DISABLE KEYS */;
/*!40000 ALTER TABLE `superware_estatusturno` ENABLE KEYS */;
UNLOCK TABLES;

--
-- Table structure for table `superware_metodopago`
--

DROP TABLE IF EXISTS `superware_metodopago`;
/*!40101 SET @saved_cs_client     = @@character_set_client */;
/*!40101 SET character_set_client = utf8 */;
CREATE TABLE `superware_metodopago` (
  `id` int(11) NOT NULL AUTO_INCREMENT,
  `descripcion` varchar(80) NOT NULL,
  `activo` tinyint(1) NOT NULL,
  PRIMARY KEY (`id`)
) ENGINE=InnoDB AUTO_INCREMENT=2 DEFAULT CHARSET=latin1;
/*!40101 SET character_set_client = @saved_cs_client */;

--
-- Dumping data for table `superware_metodopago`
--

LOCK TABLES `superware_metodopago` WRITE;
/*!40000 ALTER TABLE `superware_metodopago` DISABLE KEYS */;
INSERT INTO `superware_metodopago` VALUES (1,'Tarjeta',1);
/*!40000 ALTER TABLE `superware_metodopago` ENABLE KEYS */;
UNLOCK TABLES;

--
-- Table structure for table `superware_puesto`
--

DROP TABLE IF EXISTS `superware_puesto`;
/*!40101 SET @saved_cs_client     = @@character_set_client */;
/*!40101 SET character_set_client = utf8 */;
CREATE TABLE `superware_puesto` (
  `id` int(11) NOT NULL AUTO_INCREMENT,
  `descripcion` varchar(80) NOT NULL,
  `activo` tinyint(1) NOT NULL,
  PRIMARY KEY (`id`)
) ENGINE=InnoDB AUTO_INCREMENT=2 DEFAULT CHARSET=latin1;
/*!40101 SET character_set_client = @saved_cs_client */;

--
-- Dumping data for table `superware_puesto`
--

LOCK TABLES `superware_puesto` WRITE;
/*!40000 ALTER TABLE `superware_puesto` DISABLE KEYS */;
INSERT INTO `superware_puesto` VALUES (1,'Cajero',1);
/*!40000 ALTER TABLE `superware_puesto` ENABLE KEYS */;
UNLOCK TABLES;

--
-- Table structure for table `superware_rendimientocaja`
--

DROP TABLE IF EXISTS `superware_rendimientocaja`;
/*!40101 SET @saved_cs_client     = @@character_set_client */;
/*!40101 SET character_set_client = utf8 */;
CREATE TABLE `superware_rendimientocaja` (
  `id` int(11) NOT NULL AUTO_INCREMENT,
  `clientesAtendidos` int(11) NOT NULL,
  `fecha` date NOT NULL,
  `horasActiva` double NOT NULL,
  PRIMARY KEY (`id`)
) ENGINE=InnoDB DEFAULT CHARSET=latin1;
/*!40101 SET character_set_client = @saved_cs_client */;

--
-- Dumping data for table `superware_rendimientocaja`
--

LOCK TABLES `superware_rendimientocaja` WRITE;
/*!40000 ALTER TABLE `superware_rendimientocaja` DISABLE KEYS */;
/*!40000 ALTER TABLE `superware_rendimientocaja` ENABLE KEYS */;
UNLOCK TABLES;

--
-- Table structure for table `superware_stockgeneral`
--

DROP TABLE IF EXISTS `superware_stockgeneral`;
/*!40101 SET @saved_cs_client     = @@character_set_client */;
/*!40101 SET character_set_client = utf8 */;
CREATE TABLE `superware_stockgeneral` (
  `id` int(11) NOT NULL AUTO_INCREMENT,
  `stock` int(11) DEFAULT NULL,
  `articulo_id` int(11) NOT NULL,
  `sucursal_id` int(11) NOT NULL,
  PRIMARY KEY (`id`),
  KEY `superware_stockgener_articulo_id_e0d3b441_fk_superware` (`articulo_id`),
  KEY `superware_stockgener_sucursal_id_9de98a01_fk_superware` (`sucursal_id`),
  CONSTRAINT `superware_stockgener_articulo_id_e0d3b441_fk_superware` FOREIGN KEY (`articulo_id`) REFERENCES `superware_articulo` (`id`),
  CONSTRAINT `superware_stockgener_sucursal_id_9de98a01_fk_superware` FOREIGN KEY (`sucursal_id`) REFERENCES `superware_sucursal` (`id`)
) ENGINE=InnoDB DEFAULT CHARSET=latin1;
/*!40101 SET character_set_client = @saved_cs_client */;

--
-- Dumping data for table `superware_stockgeneral`
--

LOCK TABLES `superware_stockgeneral` WRITE;
/*!40000 ALTER TABLE `superware_stockgeneral` DISABLE KEYS */;
/*!40000 ALTER TABLE `superware_stockgeneral` ENABLE KEYS */;
UNLOCK TABLES;

--
-- Table structure for table `superware_sucursal`
--

DROP TABLE IF EXISTS `superware_sucursal`;
/*!40101 SET @saved_cs_client     = @@character_set_client */;
/*!40101 SET character_set_client = utf8 */;
CREATE TABLE `superware_sucursal` (
  `id` int(11) NOT NULL AUTO_INCREMENT,
  `nombre` varchar(80) NOT NULL,
  `activo` tinyint(1) NOT NULL,
  PRIMARY KEY (`id`)
) ENGINE=InnoDB AUTO_INCREMENT=2 DEFAULT CHARSET=latin1;
/*!40101 SET character_set_client = @saved_cs_client */;

--
-- Dumping data for table `superware_sucursal`
--

LOCK TABLES `superware_sucursal` WRITE;
/*!40000 ALTER TABLE `superware_sucursal` DISABLE KEYS */;
INSERT INTO `superware_sucursal` VALUES (1,'Tepetongo',1);
/*!40000 ALTER TABLE `superware_sucursal` ENABLE KEYS */;
UNLOCK TABLES;

--
-- Table structure for table `superware_tipocaja`
--

DROP TABLE IF EXISTS `superware_tipocaja`;
/*!40101 SET @saved_cs_client     = @@character_set_client */;
/*!40101 SET character_set_client = utf8 */;
CREATE TABLE `superware_tipocaja` (
  `id` int(11) NOT NULL AUTO_INCREMENT,
  `descripcion` varchar(80) NOT NULL,
  PRIMARY KEY (`id`)
) ENGINE=InnoDB DEFAULT CHARSET=latin1;
/*!40101 SET character_set_client = @saved_cs_client */;

--
-- Dumping data for table `superware_tipocaja`
--

LOCK TABLES `superware_tipocaja` WRITE;
/*!40000 ALTER TABLE `superware_tipocaja` DISABLE KEYS */;
/*!40000 ALTER TABLE `superware_tipocaja` ENABLE KEYS */;
UNLOCK TABLES;

--
-- Table structure for table `superware_turno`
--

DROP TABLE IF EXISTS `superware_turno`;
/*!40101 SET @saved_cs_client     = @@character_set_client */;
/*!40101 SET character_set_client = utf8 */;
CREATE TABLE `superware_turno` (
  `id` int(11) NOT NULL AUTO_INCREMENT,
  `numero` int(11) NOT NULL,
  `numeroArticulos` int(11) NOT NULL,
  `tiempoEsperaFinal` time(6) DEFAULT NULL,
  `caja_id` int(11) NOT NULL,
  `estatus_id` int(11) NOT NULL,
  PRIMARY KEY (`id`),
  KEY `superware_turno_caja_id_2651b2f7_fk_superware_caja_id` (`caja_id`),
  KEY `superware_turno_estatus_id_8489756e_fk_superware_estatusturno_id` (`estatus_id`),
  CONSTRAINT `superware_turno_caja_id_2651b2f7_fk_superware_caja_id` FOREIGN KEY (`caja_id`) REFERENCES `superware_caja` (`id`),
  CONSTRAINT `superware_turno_estatus_id_8489756e_fk_superware_estatusturno_id` FOREIGN KEY (`estatus_id`) REFERENCES `superware_estatusturno` (`id`)
) ENGINE=InnoDB DEFAULT CHARSET=latin1;
/*!40101 SET character_set_client = @saved_cs_client */;

--
-- Dumping data for table `superware_turno`
--

LOCK TABLES `superware_turno` WRITE;
/*!40000 ALTER TABLE `superware_turno` DISABLE KEYS */;
/*!40000 ALTER TABLE `superware_turno` ENABLE KEYS */;
UNLOCK TABLES;

--
-- Table structure for table `superware_venta`
--

DROP TABLE IF EXISTS `superware_venta`;
/*!40101 SET @saved_cs_client     = @@character_set_client */;
/*!40101 SET character_set_client = utf8 */;
CREATE TABLE `superware_venta` (
  `id` int(11) NOT NULL AUTO_INCREMENT,
  `cantidad` int(11) DEFAULT NULL,
  `precio` double DEFAULT NULL,
  `articulo_id` int(11) NOT NULL,
  `folio_id` int(11) NOT NULL,
  PRIMARY KEY (`id`),
  KEY `superware_venta_articulo_id_ebd417a0_fk_superware_articulo_id` (`articulo_id`),
  KEY `superware_venta_folio_id_0915470d_fk_superware_detalleventa_id` (`folio_id`),
  CONSTRAINT `superware_venta_articulo_id_ebd417a0_fk_superware_articulo_id` FOREIGN KEY (`articulo_id`) REFERENCES `superware_articulo` (`id`),
  CONSTRAINT `superware_venta_folio_id_0915470d_fk_superware_detalleventa_id` FOREIGN KEY (`folio_id`) REFERENCES `superware_detalleventa` (`id`)
) ENGINE=InnoDB DEFAULT CHARSET=latin1;
/*!40101 SET character_set_client = @saved_cs_client */;

--
-- Dumping data for table `superware_venta`
--

LOCK TABLES `superware_venta` WRITE;
/*!40000 ALTER TABLE `superware_venta` DISABLE KEYS */;
/*!40000 ALTER TABLE `superware_venta` ENABLE KEYS */;
UNLOCK TABLES;
/*!40103 SET TIME_ZONE=@OLD_TIME_ZONE */;

/*!40101 SET SQL_MODE=@OLD_SQL_MODE */;
/*!40014 SET FOREIGN_KEY_CHECKS=@OLD_FOREIGN_KEY_CHECKS */;
/*!40014 SET UNIQUE_CHECKS=@OLD_UNIQUE_CHECKS */;
/*!40101 SET CHARACTER_SET_CLIENT=@OLD_CHARACTER_SET_CLIENT */;
/*!40101 SET CHARACTER_SET_RESULTS=@OLD_CHARACTER_SET_RESULTS */;
/*!40101 SET COLLATION_CONNECTION=@OLD_COLLATION_CONNECTION */;
/*!40111 SET SQL_NOTES=@OLD_SQL_NOTES */;

-- Dump completed on 2018-04-24 13:46:53
